Work Item Type,Title 1,Title 2,Title 3,Title 4,Priority,Activity,Tags,Assigned To,Description
Epic,Sistema de Gestão de Talentos - MPMS - Versão 0.3.0,,,,1,,,,"<b>Contexto:</b> Recorte do produto para a spec de backend.<br><b>Objetivo:</b> Apresentar as atividades humanas relacionadas ao contexto backend desta funcionalidade.<br><b>Critério de conclusão:</b> Itens relacionados à spec estão sincronizados com o backlog consolidado.<br><b>Dependências:</b> project-backlog/backlog.csv.<br><b>Referências:</b> specs/backend/0001-perfil-e-cadastro-do-servidor/spec.md.<br><b>Notas:</b> Recorte derivado; não importar junto ao backlog consolidado."
Feature,,0001 - Perfil e Cadastro do Servidor,,,1,,,,"<b>Contexto:</b> Funcionalidade coberta pelas specs de frontend e backend.<br><b>Objetivo:</b> Agrupar atividades humanas relacionadas às regras e dados do perfil do servidor.<br><b>Critério de conclusão:</b> PBIs e Tasks do contexto backend estão vinculados.<br><b>Dependências:</b> BE-0001.<br><b>Referências:</b> specs/backend/0001-perfil-e-cadastro-do-servidor/spec.md; BE-0001.<br><b>Notas:</b> Nenhuma."
Product Backlog Item,,,Decisões e revisões pendentes - Perfil e Cadastro,,1,,Decisão de negócio; Revisão de spec; FE-0001; BE-0001; Contexto-Frontend; Contexto-Backend,,"<b>Contexto:</b> A spec está em Draft e há uma decisão de LGPD pendente.<br><b>Objetivo:</b> Agrupar decisões e revisões humanas compartilhadas entre frontend e backend.<br><b>Critério de conclusão:</b> Tasks vinculadas sincronizadas com o backlog consolidado.<br><b>Dependências:</b> Q-016.<br><b>Referências:</b> specs/frontend/0001-perfil-e-cadastro-do-servidor/spec.md; specs/backend/0001-perfil-e-cadastro-do-servidor/spec.md; Q-016.<br><b>Notas:</b> Recorte local de item canônico compartilhado."
Task,,,,Definir política de retenção/exclusão de dados pessoais (Q-016),2,Requirements,Decisão de negócio; LGPD; Q-016; Contexto-Frontend; Contexto-Backend,Willian Yamaura <willianyamaura@mpms.mp.br>,"<b>Contexto:</b> Não há prazo de retenção definido para dados pessoais do servidor, exigido pela LGPD.<br><b>Objetivo:</b> Definir prazo de retenção e processo de exclusão/anonimização ao desligamento do servidor.<br><b>Critério de conclusão:</b> Política aprovada e registrada em specs/OPEN-QUESTIONS.md e nas specs FE-0001/BE-0001.<br><b>Dependências:</b> Nenhuma.<br><b>Referências:</b> specs/frontend/0001-perfil-e-cadastro-do-servidor/spec.md; specs/backend/0001-perfil-e-cadastro-do-servidor/spec.md; Q-016.<br><b>Notas:</b> Task canônica; esta decisão também é reutilizada por BE-0004 e BE-0005."
Task,,,,Revisar e aprovar specs de Perfil e Cadastro do Servidor,1,Requirements,Revisão de spec; FE-0001; BE-0001; Contexto-Frontend; Contexto-Backend,Willian Yamaura <willianyamaura@mpms.mp.br>,"<b>Contexto:</b> As specs FE-0001 e BE-0001 estão em Draft, aguardando revisão humana.<br><b>Objetivo:</b> Validar cobertura de requisitos e aprovar as specs.<br><b>Critério de conclusão:</b> Specs atualizadas para status aprovado, com decisão registrada no histórico de alterações.<br><b>Dependências:</b> Nenhuma.<br><b>Referências:</b> specs/frontend/0001-perfil-e-cadastro-do-servidor/spec.md; specs/backend/0001-perfil-e-cadastro-do-servidor/spec.md.<br><b>Notas:</b> Task canônica."
Product Backlog Item,,,Preparação de ambiente e integrações - Perfil e Cadastro,,1,,Ambiente; Integração; SSO; BE-0001; Contexto-Backend,,"<b>Contexto:</b> A autenticação de todo o sistema depende do provedor SSO institucional.<br><b>Objetivo:</b> Agrupar a preparação técnica de acesso necessária à funcionalidade.<br><b>Critério de conclusão:</b> Credenciais/acessos confirmados por evidência registrada.<br><b>Dependências:</b> Nenhuma.<br><b>Referências:</b> specs/backend/0001-perfil-e-cadastro-do-servidor/spec.md.<br><b>Notas:</b> Nenhuma."
Task,,,,Preparar credenciais e acesso ao provedor SSO institucional,1,Deployment,Ambiente; Integração; SSO; Contexto-Backend,Carlos DevOps <carlos.devops@mpms.mp.br>,"<b>Contexto:</b> A autenticação de todos os usuários depende do Active Directory institucional (INT-002), requisito transversal a todas as specs de backend.<br><b>Objetivo:</b> Disponibilizar credenciais e acesso ao serviço de SSO para os ambientes de desenvolvimento e homologação.<br><b>Critério de conclusão:</b> Credenciais válidas e acesso ao serviço confirmados por evidência registrada.<br><b>Dependências:</b> Nenhuma.<br><b>Referências:</b> specs/backend/0001-perfil-e-cadastro-do-servidor/spec.md.<br><b>Notas:</b> Task canônica; reproduzida nos backlogs locais de BE-0002, BE-0003, BE-0004 e BE-0005."
Product Backlog Item,,,Homologação - Perfil e Cadastro,,2,,Homologação; FE-0001; BE-0001; Contexto-Frontend; Contexto-Backend,,"<b>Contexto:</b> A funcionalidade requer validação humana dos critérios de aceite.<br><b>Objetivo:</b> Agrupar a validação compartilhada dos cenários de homologação.<br><b>Critério de conclusão:</b> Cenários executados com evidências registradas.<br><b>Dependências:</b> Nenhuma.<br><b>Referências:</b> specs/frontend/0001-perfil-e-cadastro-do-servidor/spec.md; specs/backend/0001-perfil-e-cadastro-do-servidor/spec.md.<br><b>Notas:</b> Recorte local de item canônico compartilhado."
Task,,,,Validar cenários de homologação do perfil e fluxo de validação de cadastro,2,Testing,Homologação; Critério de aceite; FE-0001; BE-0001; Contexto-Frontend; Contexto-Backend,Willian Yamaura <willianyamaura@mpms.mp.br>,"<b>Contexto:</b> Os critérios de aceite CA-FE e CA-BE da funcionalidade 0001 precisam de validação humana.<br><b>Objetivo:</b> Validar os cenários de edição inline, fluxo de solicitação de validação e visualização de perfil de terceiros.<br><b>Critério de conclusão:</b> Cenários executados com evidências registradas e pendências reportadas.<br><b>Dependências:</b> Specs aprovadas; ambiente de homologação disponível.<br><b>Referências:</b> specs/frontend/0001-perfil-e-cadastro-do-servidor/spec.md; specs/backend/0001-perfil-e-cadastro-do-servidor/spec.md.<br><b>Notas:</b> Task canônica."
